[{"model": "admin.logentry", "pk": 1, "fields": {"action_time": "2021-11-19T12:24:18.173Z", "user": 1, "content_type": 6, "object_id": "1", "object_repr": "Jeans", "action_flag": 1, "change_message": "[{\"added\": {}}]"}}, {"model": "admin.logentry", "pk": 2, "fields": {"action_time": "2021-11-19T12:24:53.306Z", "user": 1, "content_type": 8, "object_id": "1", "object_repr": "ATX-Jeans", "action_flag": 1, "change_message": "[{\"added\": {}}]"}}, {"model": "admin.logentry", "pk": 3, "fields": {"action_time": "2021-11-19T12:28:16.663Z", "user": 1, "content_type": 10, "object_id": "1", "object_repr": "", "action_flag": 3, "change_message": ""}}, {"model": "admin.logentry", "pk": 4, "fields": {"action_time": "2021-11-19T12:29:12.049Z", "user": 1, "content_type": 9, "object_id": "1", "object_repr": "Blue", "action_flag": 1, "change_message": "[{\"added\": {}}]"}}, {"model": "admin.logentry", "pk": 5, "fields": {"action_time": "2021-11-19T12:29:17.958Z", "user": 1, "content_type": 9, "object_id": "2", "object_repr": "Black", "action_flag": 1, "change_message": "[{\"added\": {}}]"}}, {"model": "admin.logentry", "pk": 6, "fields": {"action_time": "2021-11-19T12:29:23.693Z", "user": 1, "content_type": 9, "object_id": "3", "object_repr": "Small", "action_flag": 1, "change_message": "[{\"added\": {}}]"}}, {"model": "admin.logentry", "pk": 7, "fields": {"action_time": "2021-11-19T12:29:28.803Z", "user": 1, "content_type": 9, "object_id": "4", "object_repr": "Medium", "action_flag": 1, "change_message": "[{\"added\": {}}]"}}, {"model": "admin.logentry", "pk": 8, "fields": {"action_time": "2021-11-19T12:29:33.793Z", "user": 1, "content_type": 9, "object_id": "5", "object_repr": "Large", "action_flag": 1, "change_message": "[{\"added\": {}}]"}}, {"model": "admin.logentry", "pk": 9, "fields": {"action_time": "2021-11-19T13:04:25.557Z", "user": 1, "content_type": 7, "object_id": "2", "object_repr": "cayeg16450@jasmne.com", "action_flag": 2, "change_message": "[{\"changed\": {\"fields\": [\"Is active\"]}}]"}}, {"model": "admin.logentry", "pk": 10, "fields": {"action_time": "2021-11-20T10:21:31.660Z", "user": 1, "content_type": 10, "object_id": "2", "object_repr": "", "action_flag": 3, "change_message": ""}}, {"model": "admin.logentry", "pk": 11, "fields": {"action_time": "2021-11-20T10:24:37.683Z", "user": 1, "content_type": 10, "object_id": "3", "object_repr": "dsfdsf", "action_flag": 3, "change_message": ""}}, {"model": "admin.logentry", "pk": 12, "fields": {"action_time": "2021-11-20T11:02:20.779Z", "user": 1, "content_type": 10, "object_id": "4", "object_repr": "sdfdsfdsfds", "action_flag": 2, "change_message": "[{\"changed\": {\"fields\": [\"Rating\"]}}]"}}, {"model": "admin.logentry", "pk": 13, "fields": {"action_time": "2021-11-20T11:04:43.956Z", "user": 1, "content_type": 10, "object_id": "4", "object_repr": "sdfdsfdsfds", "action_flag": 2, "change_message": "[{\"changed\": {\"fields\": [\"Rating\"]}}]"}}, {"model": "admin.logentry", "pk": 14, "fields": {"action_time": "2021-11-20T11:27:40.950Z", "user": 1, "content_type": 10, "object_id": "4", "object_repr": "sdfdsfdsfds", "action_flag": 3, "change_message": ""}}, {"model": "admin.logentry", "pk": 15, "fields": {"action_time": "2021-11-20T11:34:25.084Z", "user": 1, "content_type": 10, "object_id": "5", "object_repr": "test reveiw", "action_flag": 3, "change_message": ""}}, {"model": "admin.logentry", "pk": 16, "fields": {"action_time": "2021-11-20T11:35:58.441Z", "user": 1, "content_type": 10, "object_id": "7", "object_repr": "Second review", "action_flag": 1, "change_message": "[{\"added\": {}}]"}}, {"model": "admin.logentry", "pk": 17, "fields": {"action_time": "2021-11-20T11:36:48.127Z", "user": 1, "content_type": 10, "object_id": "6", "object_repr": "test", "action_flag": 3, "change_message": ""}}, {"model": "admin.logentry", "pk": 18, "fields": {"action_time": "2021-11-27T15:44:24.630Z", "user": 1, "content_type": 14, "object_id": "4", "object_repr": "2021112341", "action_flag": 3, "change_message": ""}}, {"model": "admin.logentry", "pk": 19, "fields": {"action_time": "2021-11-27T15:44:24.636Z", "user": 1, "content_type": 14, "object_id": "3", "object_repr": "", "action_flag": 3, "change_message": ""}}, {"model": "admin.logentry", "pk": 20, "fields": {"action_time": "2021-11-27T15:44:24.640Z", "user": 1, "content_type": 14, "object_id": "2", "object_repr": "", "action_flag": 3, "change_message": ""}}, {"model": "admin.logentry", "pk": 21, "fields": {"action_time": "2021-11-27T15:44:24.645Z", "user": 1, "content_type": 14, "object_id": "1", "object_repr": "", "action_flag": 3, "change_message": ""}}, {"model": "admin.logentry", "pk": 22, "fields": {"action_time": "2021-11-27T16:23:22.973Z", "user": 1, "content_type": 16, "object_id": "1", "object_repr": "First Post", "action_flag": 1, "change_message": "[{\"added\": {}}]"}}, {"model": "admin.logentry", "pk": 23, "fields": {"action_time": "2021-11-27T16:23:32.970Z", "user": 1, "content_type": 16, "object_id": "2", "object_repr": "Second post", "action_flag": 1, "change_message": "[{\"added\": {}}]"}}, {"model": "admin.logentry", "pk": 24, "fields": {"action_time": "2021-11-27T20:00:14.664Z", "user": 1, "content_type": 10, "object_id": "7", "object_repr": "Second review", "action_flag": 2, "change_message": "[{\"changed\": {\"fields\": [\"Rating\"]}}]"}}, {"model": "admin.logentry", "pk": 25, "fields": {"action_time": "2021-11-27T20:00:24.548Z", "user": 1, "content_type": 10, "object_id": "8", "object_repr": "sdf", "action_flag": 2, "change_message": "[{\"changed\": {\"fields\": [\"Rating\"]}}]"}}, {"model": "admin.logentry", "pk": 26, "fields": {"action_time": "2021-11-27T20:00:34.264Z", "user": 1, "content_type": 10, "object_id": "7", "object_repr": "Second review", "action_flag": 2, "change_message": "[{\"changed\": {\"fields\": [\"Rating\"]}}]"}}, {"model": "admin.logentry", "pk": 27, "fields": {"action_time": "2021-11-27T20:00:37.408Z", "user": 1, "content_type": 10, "object_id": "8", "object_repr": "sdf", "action_flag": 2, "change_message": "[{\"changed\": {\"fields\": [\"Rating\"]}}]"}}, {"model": "admin.logentry", "pk": 28, "fields": {"action_time": "2021-11-27T20:00:49.196Z", "user": 1, "content_type": 10, "object_id": "8", "object_repr": "sdf", "action_flag": 2, "change_message": "[{\"changed\": {\"fields\": [\"Rating\"]}}]"}}, {"model": "admin.logentry", "pk": 29, "fields": {"action_time": "2021-11-27T20:00:58.364Z", "user": 1, "content_type": 10, "object_id": "8", "object_repr": "sdf", "action_flag": 2, "change_message": "[{\"changed\": {\"fields\": [\"Rating\"]}}]"}}, {"model": "admin.logentry", "pk": 30, "fields": {"action_time": "2021-11-27T20:01:01.008Z", "user": 1, "content_type": 10, "object_id": "7", "object_repr": "Second review", "action_flag": 2, "change_message": "[]"}}, {"model": "admin.logentry", "pk": 31, "fields": {"action_time": "2021-11-27T20:01:08.252Z", "user": 1, "content_type": 10, "object_id": "7", "object_repr": "Second review", "action_flag": 2, "change_message": "[{\"changed\": {\"fields\": [\"Rating\"]}}]"}}, {"model": "admin.logentry", "pk": 32, "fields": {"action_time": "2021-11-27T20:08:40.881Z", "user": 1, "content_type": 10, "object_id": "8", "object_repr": "sdf", "action_flag": 3, "change_message": ""}}, {"model": "admin.logentry", "pk": 33, "fields": {"action_time": "2021-11-28T11:11:36.158Z", "user": 1, "content_type": 6, "object_id": "2", "object_repr": "T-Shirt", "action_flag": 1, "change_message": "[{\"added\": {}}]"}}, {"model": "admin.logentry", "pk": 34, "fields": {"action_time": "2021-11-28T11:11:51.739Z", "user": 1, "content_type": 8, "object_id": "1", "object_repr": "ATX-Jeans", "action_flag": 2, "change_message": "[{\"changed\": {\"fields\": [\"Category\"]}}]"}}, {"model": "admin.logentry", "pk": 35, "fields": {"action_time": "2021-11-28T11:13:39.215Z", "user": 1, "content_type": 6, "object_id": "1", "object_repr": "Jeans", "action_flag": 3, "change_message": ""}}, {"model": "admin.logentry", "pk": 36, "fields": {"action_time": "2021-11-28T11:14:45.581Z", "user": 1, "content_type": 6, "object_id": "3", "object_repr": "Shoes", "action_flag": 1, "change_message": "[{\"added\": {}}]"}}, {"model": "admin.logentry", "pk": 37, "fields": {"action_time": "2021-11-28T11:15:46.207Z", "user": 1, "content_type": 6, "object_id": "4", "object_repr": "Accessories", "action_flag": 1, "change_message": "[{\"added\": {}}]"}}, {"model": "admin.logentry", "pk": 38, "fields": {"action_time": "2021-11-28T11:24:21.678Z", "user": 1, "content_type": 6, "object_id": "2", "object_repr": "T-Shirts", "action_flag": 2, "change_message": "[{\"changed\": {\"fields\": [\"Category name\"]}}]"}}, {"model": "admin.logentry", "pk": 39, "fields": {"action_time": "2021-11-28T11:53:37.397Z", "user": 1, "content_type": 10, "object_id": "10", "object_repr": "sdfdsfdsfds", "action_flag": 1, "change_message": "[{\"added\": {}}]"}}, {"model": "admin.logentry", "pk": 40, "fields": {"action_time": "2021-11-28T11:57:22.570Z", "user": 1, "content_type": 10, "object_id": "11", "object_repr": "sdfds", "action_flag": 1, "change_message": "[{\"added\": {}}]"}}, {"model": "admin.logentry", "pk": 41, "fields": {"action_time": "2021-11-28T11:57:38.181Z", "user": 1, "content_type": 10, "object_id": "7", "object_repr": "Second review", "action_flag": 2, "change_message": "[{\"changed\": {\"fields\": [\"Rating\"]}}]"}}, {"model": "admin.logentry", "pk": 42, "fields": {"action_time": "2021-11-28T11:57:45.139Z", "user": 1, "content_type": 10, "object_id": "9", "object_repr": "NÉgy csillag", "action_flag": 2, "change_message": "[{\"changed\": {\"fields\": [\"Rating\"]}}]"}}, {"model": "admin.logentry", "pk": 43, "fields": {"action_time": "2021-11-28T15:42:59.893Z", "user": 1, "content_type": 10, "object_id": "9", "object_repr": "NÉgy csillag", "action_flag": 2, "change_message": "[{\"changed\": {\"fields\": [\"Rating\"]}}]"}}, {"model": "admin.logentry", "pk": 44, "fields": {"action_time": "2021-11-28T17:59:15.250Z", "user": 1, "content_type": 8, "object_id": "2", "object_repr": "Tree Dashers", "action_flag": 1, "change_message": "[{\"added\": {}}]"}}, {"model": "admin.logentry", "pk": 45, "fields": {"action_time": "2021-11-28T18:04:43.923Z", "user": 1, "content_type": 8, "object_id": "3", "object_repr": "Men's Wool Dasher Mizzles", "action_flag": 1, "change_message": "[{\"added\": {}}]"}}, {"model": "admin.logentry", "pk": 46, "fields": {"action_time": "2021-11-28T18:06:31.344Z", "user": 1, "content_type": 8, "object_id": "4", "object_repr": "Men's Wool Runner-up Mizzles", "action_flag": 1, "change_message": "[{\"added\": {}}]"}}, {"model": "admin.logentry", "pk": 47, "fields": {"action_time": "2021-11-28T20:00:00.033Z", "user": 1, "content_type": 8, "object_id": "2", "object_repr": "Tree Dashers", "action_flag": 2, "change_message": "[{\"changed\": {\"fields\": [\"Stock\"]}}]"}}, {"model": "admin.logentry", "pk": 48, "fields": {"action_time": "2021-11-28T20:00:20.412Z", "user": 1, "content_type": 8, "object_id": "2", "object_repr": "Tree Dashers", "action_flag": 2, "change_message": "[{\"changed\": {\"fields\": [\"Stock\"]}}]"}}, {"model": "admin.logentry", "pk": 49, "fields": {"action_time": "2021-11-29T15:24:57.814Z", "user": 1, "content_type": 9, "object_id": "6", "object_repr": "Black", "action_flag": 1, "change_message": "[{\"added\": {}}]"}}, {"model": "admin.logentry", "pk": 50, "fields": {"action_time": "2021-11-29T15:25:04.925Z", "user": 1, "content_type": 9, "object_id": "7", "object_repr": "38-39", "action_flag": 1, "change_message": "[{\"added\": {}}]"}}, {"model": "admin.logentry", "pk": 51, "fields": {"action_time": "2021-11-29T15:25:10.693Z", "user": 1, "content_type": 9, "object_id": "8", "object_repr": "40-41", "action_flag": 1, "change_message": "[{\"added\": {}}]"}}, {"model": "admin.logentry", "pk": 52, "fields": {"action_time": "2021-11-30T09:47:02.013Z", "user": 1, "content_type": 16, "object_id": "2", "object_repr": "Second post", "action_flag": 2, "change_message": "[{\"changed\": {\"fields\": [\"Content\"]}}]"}}, {"model": "admin.logentry", "pk": 53, "fields": {"action_time": "2021-11-30T16:33:54.907Z", "user": 1, "content_type": 16, "object_id": "3", "object_repr": "Third post is longer title", "action_flag": 1, "change_message": "[{\"added\": {}}]"}}, {"model": "admin.logentry", "pk": 54, "fields": {"action_time": "2021-11-30T16:44:40.256Z", "user": 1, "content_type": 17, "object_id": "18", "object_repr": "Comment object (18)", "action_flag": 3, "change_message": ""}}, {"model": "admin.logentry", "pk": 55, "fields": {"action_time": "2021-11-30T17:37:14.295Z", "user": 1, "content_type": 17, "object_id": "19", "object_repr": "Comment object (19)", "action_flag": 3, "change_message": ""}}, {"model": "admin.logentry", "pk": 56, "fields": {"action_time": "2021-11-30T17:37:14.299Z", "user": 1, "content_type": 17, "object_id": "21", "object_repr": "Comment object (21)", "action_flag": 3, "change_message": ""}}, {"model": "admin.logentry", "pk": 57, "fields": {"action_time": "2021-11-30T17:40:40.836Z", "user": 1, "content_type": 17, "object_id": "22", "object_repr": "Comment object (22)", "action_flag": 3, "change_message": ""}}, {"model": "admin.logentry", "pk": 58, "fields": {"action_time": "2021-11-30T17:44:19.853Z", "user": 1, "content_type": 17, "object_id": "1", "object_repr": "Comment object (1)", "action_flag": 3, "change_message": ""}}, {"model": "admin.logentry", "pk": 59, "fields": {"action_time": "2021-11-30T17:44:19.858Z", "user": 1, "content_type": 17, "object_id": "2", "object_repr": "Comment object (2)", "action_flag": 3, "change_message": ""}}, {"model": "admin.logentry", "pk": 60, "fields": {"action_time": "2021-11-30T17:44:19.861Z", "user": 1, "content_type": 17, "object_id": "3", "object_repr": "Comment object (3)", "action_flag": 3, "change_message": ""}}, {"model": "admin.logentry", "pk": 61, "fields": {"action_time": "2021-11-30T17:44:19.865Z", "user": 1, "content_type": 17, "object_id": "4", "object_repr": "Comment object (4)", "action_flag": 3, "change_message": ""}}, {"model": "admin.logentry", "pk": 62, "fields": {"action_time": "2021-11-30T17:44:19.868Z", "user": 1, "content_type": 17, "object_id": "5", "object_repr": "Comment object (5)", "action_flag": 3, "change_message": ""}}, {"model": "admin.logentry", "pk": 63, "fields": {"action_time": "2021-11-30T17:44:19.871Z", "user": 1, "content_type": 17, "object_id": "6", "object_repr": "Comment object (6)", "action_flag": 3, "change_message": ""}}, {"model": "admin.logentry", "pk": 64, "fields": {"action_time": "2021-11-30T17:44:19.874Z", "user": 1, "content_type": 17, "object_id": "7", "object_repr": "Comment object (7)", "action_flag": 3, "change_message": ""}}, {"model": "admin.logentry", "pk": 65, "fields": {"action_time": "2021-11-30T17:44:19.877Z", "user": 1, "content_type": 17, "object_id": "8", "object_repr": "Comment object (8)", "action_flag": 3, "change_message": ""}}, {"model": "admin.logentry", "pk": 66, "fields": {"action_time": "2021-11-30T17:44:19.881Z", "user": 1, "content_type": 17, "object_id": "9", "object_repr": "Comment object (9)", "action_flag": 3, "change_message": ""}}, {"model": "admin.logentry", "pk": 67, "fields": {"action_time": "2021-11-30T17:44:19.884Z", "user": 1, "content_type": 17, "object_id": "10", "object_repr": "Comment object (10)", "action_flag": 3, "change_message": ""}}, {"model": "admin.logentry", "pk": 68, "fields": {"action_time": "2021-11-30T17:44:19.887Z", "user": 1, "content_type": 17, "object_id": "11", "object_repr": "Comment object (11)", "action_flag": 3, "change_message": ""}}, {"model": "admin.logentry", "pk": 69, "fields": {"action_time": "2021-11-30T17:44:19.890Z", "user": 1, "content_type": 17, "object_id": "12", "object_repr": "Comment object (12)", "action_flag": 3, "change_message": ""}}, {"model": "admin.logentry", "pk": 70, "fields": {"action_time": "2021-11-30T17:44:19.893Z", "user": 1, "content_type": 17, "object_id": "13", "object_repr": "Comment object (13)", "action_flag": 3, "change_message": ""}}, {"model": "admin.logentry", "pk": 71, "fields": {"action_time": "2021-11-30T17:44:19.896Z", "user": 1, "content_type": 17, "object_id": "14", "object_repr": "Comment object (14)", "action_flag": 3, "change_message": ""}}, {"model": "admin.logentry", "pk": 72, "fields": {"action_time": "2021-11-30T17:44:19.899Z", "user": 1, "content_type": 17, "object_id": "15", "object_repr": "Comment object (15)", "action_flag": 3, "change_message": ""}}, {"model": "admin.logentry", "pk": 73, "fields": {"action_time": "2021-11-30T17:44:19.902Z", "user": 1, "content_type": 17, "object_id": "16", "object_repr": "Comment object (16)", "action_flag": 3, "change_message": ""}}, {"model": "admin.logentry", "pk": 74, "fields": {"action_time": "2021-11-30T17:44:19.905Z", "user": 1, "content_type": 17, "object_id": "17", "object_repr": "Comment object (17)", "action_flag": 3, "change_message": ""}}, {"model": "admin.logentry", "pk": 75, "fields": {"action_time": "2021-11-30T17:44:19.908Z", "user": 1, "content_type": 17, "object_id": "20", "object_repr": "Comment object (20)", "action_flag": 3, "change_message": ""}}, {"model": "admin.logentry", "pk": 76, "fields": {"action_time": "2021-11-30T17:45:31.108Z", "user": 1, "content_type": 7, "object_id": "3", "object_repr": "loxega7361@shirulo.com", "action_flag": 2, "change_message": "[{\"changed\": {\"fields\": [\"Is active\"]}}]"}}, {"model": "admin.logentry", "pk": 77, "fields": {"action_time": "2021-11-30T17:46:12.558Z", "user": 1, "content_type": 16, "object_id": "3", "object_repr": "Third post is longer title", "action_flag": 3, "change_message": ""}}, {"model": "admin.logentry", "pk": 78, "fields": {"action_time": "2021-11-30T17:46:12.562Z", "user": 1, "content_type": 16, "object_id": "2", "object_repr": "Second post", "action_flag": 3, "change_message": ""}}, {"model": "admin.logentry", "pk": 79, "fields": {"action_time": "2021-11-30T17:46:12.565Z", "user": 1, "content_type": 16, "object_id": "1", "object_repr": "First Post", "action_flag": 3, "change_message": ""}}, {"model": "admin.logentry", "pk": 80, "fields": {"action_time": "2021-11-30T17:50:36.640Z", "user": 1, "content_type": 16, "object_id": "4", "object_repr": "Lost 60 kg", "action_flag": 1, "change_message": "[{\"added\": {}}]"}}, {"model": "admin.logentry", "pk": 81, "fields": {"action_time": "2021-11-30T17:55:02.357Z", "user": 1, "content_type": 7, "object_id": "4", "object_repr": "rotite7552@simdpi.com", "action_flag": 2, "change_message": "[{\"changed\": {\"fields\": [\"Is active\"]}}]"}}, {"model": "admin.logentry", "pk": 82, "fields": {"action_time": "2021-11-30T17:59:40.378Z", "user": 1, "content_type": 16, "object_id": "5", "object_repr": "How I motivate myself to go to gym", "action_flag": 1, "change_message": "[{\"added\": {}}]"}}, {"model": "admin.logentry", "pk": 83, "fields": {"action_time": "2021-11-30T18:40:45.241Z", "user": 1, "content_type": 16, "object_id": "5", "object_repr": "How I motivate myself to go to gym", "action_flag": 2, "change_message": "[{\"changed\": {\"fields\": [\"Content\"]}}]"}}, {"model": "admin.logentry", "pk": 84, "fields": {"action_time": "2021-12-01T19:57:21.758Z", "user": 1, "content_type": 16, "object_id": "6", "object_repr": "asdf", "action_flag": 3, "change_message": ""}}, {"model": "admin.logentry", "pk": 85, "fields": {"action_time": "2021-12-01T19:58:12.257Z", "user": 1, "content_type": 16, "object_id": "7", "object_repr": "sdf", "action_flag": 3, "change_message": ""}}, {"model": "admin.logentry", "pk": 86, "fields": {"action_time": "2021-12-01T20:12:07.916Z", "user": 1, "content_type": 16, "object_id": "10", "object_repr": "test title", "action_flag": 3, "change_message": ""}}, {"model": "admin.logentry", "pk": 87, "fields": {"action_time": "2021-12-01T20:12:07.921Z", "user": 1, "content_type": 16, "object_id": "9", "object_repr": "asdf asdf", "action_flag": 3, "change_message": ""}}, {"model": "admin.logentry", "pk": 88, "fields": {"action_time": "2021-12-01T20:12:07.924Z", "user": 1, "content_type": 16, "object_id": "8", "object_repr": "sdfds", "action_flag": 3, "change_message": ""}}, {"model": "admin.logentry", "pk": 89, "fields": {"action_time": "2021-12-01T20:12:49.466Z", "user": 1, "content_type": 17, "object_id": "25", "object_repr": "Comment object (25)", "action_flag": 3, "change_message": ""}}, {"model": "admin.logentry", "pk": 90, "fields": {"action_time": "2021-12-01T20:12:49.471Z", "user": 1, "content_type": 17, "object_id": "26", "object_repr": "Comment object (26)", "action_flag": 3, "change_message": ""}}, {"model": "admin.logentry", "pk": 91, "fields": {"action_time": "2021-12-01T20:12:49.474Z", "user": 1, "content_type": 17, "object_id": "27", "object_repr": "Comment object (27)", "action_flag": 3, "change_message": ""}}, {"model": "admin.logentry", "pk": 92, "fields": {"action_time": "2021-12-01T20:14:28.752Z", "user": 1, "content_type": 16, "object_id": "12", "object_repr": "1234567890 1234567890 1234567890 1234567890 1234567890", "action_flag": 3, "change_message": ""}}, {"model": "admin.logentry", "pk": 93, "fields": {"action_time": "2021-12-01T20:26:52.124Z", "user": 1, "content_type": 17, "object_id": "28", "object_repr": "Comment object (28)", "action_flag": 3, "change_message": ""}}, {"model": "admin.logentry", "pk": 94, "fields": {"action_time": "2021-12-01T20:26:52.131Z", "user": 1, "content_type": 17, "object_id": "29", "object_repr": "Comment object (29)", "action_flag": 3, "change_message": ""}}, {"model": "admin.logentry", "pk": 95, "fields": {"action_time": "2021-12-01T21:05:29.375Z", "user": 1, "content_type": 16, "object_id": "16", "object_repr": "sdf", "action_flag": 3, "change_message": ""}}, {"model": "admin.logentry", "pk": 96, "fields": {"action_time": "2021-12-01T21:05:29.379Z", "user": 1, "content_type": 16, "object_id": "15", "object_repr": "test", "action_flag": 3, "change_message": ""}}, {"model": "admin.logentry", "pk": 97, "fields": {"action_time": "2021-12-01T21:05:29.383Z", "user": 1, "content_type": 16, "object_id": "14", "object_repr": "sdfds", "action_flag": 3, "change_message": ""}}, {"model": "admin.logentry", "pk": 98, "fields": {"action_time": "2021-12-01T21:05:29.386Z", "user": 1, "content_type": 16, "object_id": "13", "object_repr": "sdfdsf", "action_flag": 3, "change_message": ""}}, {"model": "admin.logentry", "pk": 99, "fields": {"action_time": "2021-12-01T21:05:52.365Z", "user": 1, "content_type": 17, "object_id": "30", "object_repr": "Comment object (30)", "action_flag": 3, "change_message": ""}}, {"model": "admin.logentry", "pk": 100, "fields": {"action_time": "2021-12-01T21:05:52.369Z", "user": 1, "content_type": 17, "object_id": "31", "object_repr": "Comment object (31)", "action_flag": 3, "change_message": ""}}, {"model": "admin.logentry", "pk": 101, "fields": {"action_time": "2021-12-01T21:05:52.373Z", "user": 1, "content_type": 17, "object_id": "32", "object_repr": "Comment object (32)", "action_flag": 3, "change_message": ""}}, {"model": "admin.logentry", "pk": 102, "fields": {"action_time": "2021-12-01T21:05:52.376Z", "user": 1, "content_type": 17, "object_id": "33", "object_repr": "Comment object (33)", "action_flag": 3, "change_message": ""}}, {"model": "admin.logentry", "pk": 103, "fields": {"action_time": "2021-12-01T21:05:52.379Z", "user": 1, "content_type": 17, "object_id": "34", "object_repr": "Comment object (34)", "action_flag": 3, "change_message": ""}}, {"model": "admin.logentry", "pk": 104, "fields": {"action_time": "2021-12-01T21:05:52.382Z", "user": 1, "content_type": 17, "object_id": "35", "object_repr": "Comment object (35)", "action_flag": 3, "change_message": ""}}, {"model": "admin.logentry", "pk": 105, "fields": {"action_time": "2021-12-01T21:05:52.385Z", "user": 1, "content_type": 17, "object_id": "36", "object_repr": "Comment object (36)", "action_flag": 3, "change_message": ""}}, {"model": "admin.logentry", "pk": 106, "fields": {"action_time": "2021-12-01T21:05:52.388Z", "user": 1, "content_type": 17, "object_id": "37", "object_repr": "Comment object (37)", "action_flag": 3, "change_message": ""}}, {"model": "admin.logentry", "pk": 107, "fields": {"action_time": "2021-12-04T21:56:56.713Z", "user": 1, "content_type": 7, "object_id": "5", "object_repr": "hatit52642@sinagalore.com", "action_flag": 2, "change_message": "[{\"changed\": {\"fields\": [\"Is active\"]}}]"}}, {"model": "admin.logentry", "pk": 108, "fields": {"action_time": "2021-12-04T22:36:21.189Z", "user": 1, "content_type": 7, "object_id": "6", "object_repr": "yenedi9935@slvlog.com", "action_flag": 2, "change_message": "[{\"changed\": {\"fields\": [\"Is active\"]}}]"}}, {"model": "admin.logentry", "pk": 109, "fields": {"action_time": "2021-12-05T13:58:24.018Z", "user": 1, "content_type": 13, "object_id": "91", "object_repr": "First name First name First name First name First", "action_flag": 3, "change_message": ""}}, {"model": "admin.logentry", "pk": 110, "fields": {"action_time": "2021-12-05T13:58:24.022Z", "user": 1, "content_type": 13, "object_id": "89", "object_repr": "Marton", "action_flag": 3, "change_message": ""}}, {"model": "admin.logentry", "pk": 111, "fields": {"action_time": "2021-12-05T13:58:24.026Z", "user": 1, "content_type": 13, "object_id": "88", "object_repr": "Marton", "action_flag": 3, "change_message": ""}}, {"model": "admin.logentry", "pk": 112, "fields": {"action_time": "2021-12-05T13:58:24.029Z", "user": 1, "content_type": 13, "object_id": "87", "object_repr": "Marton", "action_flag": 3, "change_message": ""}}, {"model": "admin.logentry", "pk": 113, "fields": {"action_time": "2021-12-05T13:58:24.033Z", "user": 1, "content_type": 13, "object_id": "86", "object_repr": "Marton", "action_flag": 3, "change_message": ""}}, {"model": "admin.logentry", "pk": 114, "fields": {"action_time": "2021-12-05T13:58:24.036Z", "user": 1, "content_type": 13, "object_id": "85", "object_repr": "Marton", "action_flag": 3, "change_message": ""}}, {"model": "admin.logentry", "pk": 115, "fields": {"action_time": "2021-12-05T13:58:24.039Z", "user": 1, "content_type": 13, "object_id": "84", "object_repr": "Toth", "action_flag": 3, "change_message": ""}}, {"model": "admin.logentry", "pk": 116, "fields": {"action_time": "2021-12-05T13:58:24.051Z", "user": 1, "content_type": 13, "object_id": "83", "object_repr": "test1", "action_flag": 3, "change_message": ""}}, {"model": "admin.logentry", "pk": 117, "fields": {"action_time": "2021-12-05T13:58:24.057Z", "user": 1, "content_type": 13, "object_id": "82", "object_repr": "Marton--dsfdsf", "action_flag": 3, "change_message": ""}}, {"model": "admin.logentry", "pk": 118, "fields": {"action_time": "2021-12-05T13:58:24.061Z", "user": 1, "content_type": 13, "object_id": "81", "object_repr": "Marton--sdfdsfdsf", "action_flag": 3, "change_message": ""}}, {"model": "admin.logentry", "pk": 119, "fields": {"action_time": "2021-12-05T13:58:24.065Z", "user": 1, "content_type": 13, "object_id": "80", "object_repr": "Marton", "action_flag": 3, "change_message": ""}}, {"model": "admin.logentry", "pk": 120, "fields": {"action_time": "2021-12-05T13:58:24.069Z", "user": 1, "content_type": 13, "object_id": "79", "object_repr": "Marton", "action_flag": 3, "change_message": ""}}, {"model": "admin.logentry", "pk": 121, "fields": {"action_time": "2021-12-05T13:58:24.072Z", "user": 1, "content_type": 13, "object_id": "78", "object_repr": "Marton", "action_flag": 3, "change_message": ""}}, {"model": "admin.logentry", "pk": 122, "fields": {"action_time": "2021-12-05T13:58:24.077Z", "user": 1, "content_type": 13, "object_id": "77", "object_repr": "Marton", "action_flag": 3, "change_message": ""}}, {"model": "admin.logentry", "pk": 123, "fields": {"action_time": "2021-12-05T13:58:24.080Z", "user": 1, "content_type": 13, "object_id": "76", "object_repr": "Marton", "action_flag": 3, "change_message": ""}}, {"model": "admin.logentry", "pk": 124, "fields": {"action_time": "2021-12-05T13:58:24.083Z", "user": 1, "content_type": 13, "object_id": "75", "object_repr": "Marton", "action_flag": 3, "change_message": ""}}, {"model": "admin.logentry", "pk": 125, "fields": {"action_time": "2021-12-05T13:58:24.087Z", "user": 1, "content_type": 13, "object_id": "74", "object_repr": "Marton", "action_flag": 3, "change_message": ""}}, {"model": "admin.logentry", "pk": 126, "fields": {"action_time": "2021-12-05T13:58:24.090Z", "user": 1, "content_type": 13, "object_id": "73", "object_repr": "Marton", "action_flag": 3, "change_message": ""}}, {"model": "admin.logentry", "pk": 127, "fields": {"action_time": "2021-12-05T13:58:24.093Z", "user": 1, "content_type": 13, "object_id": "72", "object_repr": "ferike", "action_flag": 3, "change_message": ""}}, {"model": "admin.logentry", "pk": 128, "fields": {"action_time": "2021-12-05T13:58:24.096Z", "user": 1, "content_type": 13, "object_id": "71", "object_repr": "Marton", "action_flag": 3, "change_message": ""}}, {"model": "admin.logentry", "pk": 129, "fields": {"action_time": "2021-12-05T13:58:24.100Z", "user": 1, "content_type": 13, "object_id": "70", "object_repr": "Marton", "action_flag": 3, "change_message": ""}}, {"model": "admin.logentry", "pk": 130, "fields": {"action_time": "2021-12-05T13:58:24.103Z", "user": 1, "content_type": 13, "object_id": "69", "object_repr": "xy", "action_flag": 3, "change_message": ""}}, {"model": "admin.logentry", "pk": 131, "fields": {"action_time": "2021-12-05T13:58:24.106Z", "user": 1, "content_type": 13, "object_id": "68", "object_repr": "yyyyy", "action_flag": 3, "change_message": ""}}, {"model": "admin.logentry", "pk": 132, "fields": {"action_time": "2021-12-05T13:58:24.109Z", "user": 1, "content_type": 13, "object_id": "67", "object_repr": "ymymymy", "action_flag": 3, "change_message": ""}}, {"model": "admin.logentry", "pk": 133, "fields": {"action_time": "2021-12-05T13:58:24.112Z", "user": 1, "content_type": 13, "object_id": "66", "object_repr": "aaaff", "action_flag": 3, "change_message": ""}}, {"model": "admin.logentry", "pk": 134, "fields": {"action_time": "2021-12-05T13:58:24.115Z", "user": 1, "content_type": 13, "object_id": "65", "object_repr": "Teszt2", "action_flag": 3, "change_message": ""}}, {"model": "admin.logentry", "pk": 135, "fields": {"action_time": "2021-12-05T13:58:24.118Z", "user": 1, "content_type": 13, "object_id": "64", "object_repr": "yyyyyysdfyyyyyy", "action_flag": 3, "change_message": ""}}, {"model": "admin.logentry", "pk": 136, "fields": {"action_time": "2021-12-05T13:58:24.121Z", "user": 1, "content_type": 13, "object_id": "63", "object_repr": "mmmmmmmm", "action_flag": 3, "change_message": ""}}, {"model": "admin.logentry", "pk": 137, "fields": {"action_time": "2021-12-05T13:58:24.125Z", "user": 1, "content_type": 13, "object_id": "62", "object_repr": "jocikaaaa", "action_flag": 3, "change_message": ""}}, {"model": "admin.logentry", "pk": 138, "fields": {"action_time": "2021-12-05T13:58:24.128Z", "user": 1, "content_type": 13, "object_id": "61", "object_repr": "ffffffffff", "action_flag": 3, "change_message": ""}}, {"model": "admin.logentry", "pk": 139, "fields": {"action_time": "2021-12-05T13:58:24.131Z", "user": 1, "content_type": 13, "object_id": "60", "object_repr": "tttttttttttt", "action_flag": 3, "change_message": ""}}, {"model": "admin.logentry", "pk": 140, "fields": {"action_time": "2021-12-05T13:58:24.135Z", "user": 1, "content_type": 13, "object_id": "59", "object_repr": "Teszt2", "action_flag": 3, "change_message": ""}}, {"model": "admin.logentry", "pk": 141, "fields": {"action_time": "2021-12-05T13:58:24.138Z", "user": 1, "content_type": 13, "object_id": "58", "object_repr": "Teszt2", "action_flag": 3, "change_message": ""}}, {"model": "admin.logentry", "pk": 142, "fields": {"action_time": "2021-12-05T13:58:24.151Z", "user": 1, "content_type": 13, "object_id": "57", "object_repr": "Teszt2", "action_flag": 3, "change_message": ""}}, {"model": "admin.logentry", "pk": 143, "fields": {"action_time": "2021-12-05T13:58:24.157Z", "user": 1, "content_type": 13, "object_id": "56", "object_repr": "Pögyi", "action_flag": 3, "change_message": ""}}, {"model": "admin.logentry", "pk": 144, "fields": {"action_time": "2021-12-05T13:58:24.160Z", "user": 1, "content_type": 13, "object_id": "55", "object_repr": "Marton", "action_flag": 3, "change_message": ""}}, {"model": "admin.logentry", "pk": 145, "fields": {"action_time": "2021-12-05T13:58:24.164Z", "user": 1, "content_type": 13, "object_id": "54", "object_repr": "Marton", "action_flag": 3, "change_message": ""}}, {"model": "admin.logentry", "pk": 146, "fields": {"action_time": "2021-12-05T13:58:24.167Z", "user": 1, "content_type": 13, "object_id": "53", "object_repr": "Zolika", "action_flag": 3, "change_message": ""}}, {"model": "admin.logentry", "pk": 147, "fields": {"action_time": "2021-12-05T13:58:24.170Z", "user": 1, "content_type": 13, "object_id": "52", "object_repr": "Feri", "action_flag": 3, "change_message": ""}}, {"model": "admin.logentry", "pk": 148, "fields": {"action_time": "2021-12-05T13:58:24.174Z", "user": 1, "content_type": 13, "object_id": "51", "object_repr": "Marton", "action_flag": 3, "change_message": ""}}, {"model": "admin.logentry", "pk": 149, "fields": {"action_time": "2021-12-05T13:58:24.177Z", "user": 1, "content_type": 13, "object_id": "50", "object_repr": "Marton", "action_flag": 3, "change_message": ""}}, {"model": "admin.logentry", "pk": 150, "fields": {"action_time": "2021-12-05T13:58:24.180Z", "user": 1, "content_type": 13, "object_id": "49", "object_repr": "Marton", "action_flag": 3, "change_message": ""}}, {"model": "admin.logentry", "pk": 151, "fields": {"action_time": "2021-12-05T13:58:24.184Z", "user": 1, "content_type": 13, "object_id": "48", "object_repr": "Marton", "action_flag": 3, "change_message": ""}}, {"model": "admin.logentry", "pk": 152, "fields": {"action_time": "2021-12-05T13:58:24.187Z", "user": 1, "content_type": 13, "object_id": "47", "object_repr": "Marton", "action_flag": 3, "change_message": ""}}, {"model": "admin.logentry", "pk": 153, "fields": {"action_time": "2021-12-05T13:58:24.190Z", "user": 1, "content_type": 13, "object_id": "46", "object_repr": "Marton", "action_flag": 3, "change_message": ""}}, {"model": "admin.logentry", "pk": 154, "fields": {"action_time": "2021-12-05T13:58:24.194Z", "user": 1, "content_type": 13, "object_id": "45", "object_repr": "Marton", "action_flag": 3, "change_message": ""}}, {"model": "admin.logentry", "pk": 155, "fields": {"action_time": "2021-12-05T13:58:24.197Z", "user": 1, "content_type": 13, "object_id": "44", "object_repr": "Marton", "action_flag": 3, "change_message": ""}}, {"model": "admin.logentry", "pk": 156, "fields": {"action_time": "2021-12-05T13:58:24.200Z", "user": 1, "content_type": 13, "object_id": "43", "object_repr": "Marton", "action_flag": 3, "change_message": ""}}, {"model": "admin.logentry", "pk": 157, "fields": {"action_time": "2021-12-05T13:58:24.204Z", "user": 1, "content_type": 13, "object_id": "42", "object_repr": "Marton", "action_flag": 3, "change_message": ""}}, {"model": "admin.logentry", "pk": 158, "fields": {"action_time": "2021-12-05T13:58:24.207Z", "user": 1, "content_type": 13, "object_id": "41", "object_repr": "Marton", "action_flag": 3, "change_message": ""}}, {"model": "admin.logentry", "pk": 159, "fields": {"action_time": "2021-12-05T13:58:24.210Z", "user": 1, "content_type": 13, "object_id": "40", "object_repr": "Marton", "action_flag": 3, "change_message": ""}}, {"model": "admin.logentry", "pk": 160, "fields": {"action_time": "2021-12-05T13:58:24.213Z", "user": 1, "content_type": 13, "object_id": "39", "object_repr": "Marton", "action_flag": 3, "change_message": ""}}, {"model": "admin.logentry", "pk": 161, "fields": {"action_time": "2021-12-05T13:58:24.216Z", "user": 1, "content_type": 13, "object_id": "38", "object_repr": "Marton", "action_flag": 3, "change_message": ""}}, {"model": "admin.logentry", "pk": 162, "fields": {"action_time": "2021-12-05T13:58:24.219Z", "user": 1, "content_type": 13, "object_id": "37", "object_repr": "Marton", "action_flag": 3, "change_message": ""}}, {"model": "admin.logentry", "pk": 163, "fields": {"action_time": "2021-12-05T13:58:24.222Z", "user": 1, "content_type": 13, "object_id": "36", "object_repr": "Marton", "action_flag": 3, "change_message": ""}}, {"model": "admin.logentry", "pk": 164, "fields": {"action_time": "2021-12-05T13:58:24.225Z", "user": 1, "content_type": 13, "object_id": "35", "object_repr": "Marton", "action_flag": 3, "change_message": ""}}, {"model": "admin.logentry", "pk": 165, "fields": {"action_time": "2021-12-05T13:58:24.229Z", "user": 1, "content_type": 13, "object_id": "34", "object_repr": "Marton", "action_flag": 3, "change_message": ""}}, {"model": "admin.logentry", "pk": 166, "fields": {"action_time": "2021-12-05T13:58:24.232Z", "user": 1, "content_type": 13, "object_id": "33", "object_repr": "Marton", "action_flag": 3, "change_message": ""}}, {"model": "admin.logentry", "pk": 167, "fields": {"action_time": "2021-12-05T13:58:24.235Z", "user": 1, "content_type": 13, "object_id": "32", "object_repr": "Marton", "action_flag": 3, "change_message": ""}}, {"model": "admin.logentry", "pk": 168, "fields": {"action_time": "2021-12-05T13:58:24.238Z", "user": 1, "content_type": 13, "object_id": "31", "object_repr": "Marton", "action_flag": 3, "change_message": ""}}, {"model": "admin.logentry", "pk": 169, "fields": {"action_time": "2021-12-05T13:58:24.247Z", "user": 1, "content_type": 13, "object_id": "30", "object_repr": "Marton", "action_flag": 3, "change_message": ""}}, {"model": "admin.logentry", "pk": 170, "fields": {"action_time": "2021-12-05T13:58:24.250Z", "user": 1, "content_type": 13, "object_id": "29", "object_repr": "Marton", "action_flag": 3, "change_message": ""}}, {"model": "admin.logentry", "pk": 171, "fields": {"action_time": "2021-12-05T13:58:24.254Z", "user": 1, "content_type": 13, "object_id": "28", "object_repr": "Marton", "action_flag": 3, "change_message": ""}}, {"model": "admin.logentry", "pk": 172, "fields": {"action_time": "2021-12-05T13:58:24.257Z", "user": 1, "content_type": 13, "object_id": "27", "object_repr": "Marton", "action_flag": 3, "change_message": ""}}, {"model": "admin.logentry", "pk": 173, "fields": {"action_time": "2021-12-05T13:58:24.260Z", "user": 1, "content_type": 13, "object_id": "26", "object_repr": "Marton", "action_flag": 3, "change_message": ""}}, {"model": "admin.logentry", "pk": 174, "fields": {"action_time": "2021-12-05T13:58:24.264Z", "user": 1, "content_type": 13, "object_id": "25", "object_repr": "Marton", "action_flag": 3, "change_message": ""}}, {"model": "admin.logentry", "pk": 175, "fields": {"action_time": "2021-12-05T13:58:24.267Z", "user": 1, "content_type": 13, "object_id": "24", "object_repr": "Marton", "action_flag": 3, "change_message": ""}}, {"model": "admin.logentry", "pk": 176, "fields": {"action_time": "2021-12-05T13:58:24.271Z", "user": 1, "content_type": 13, "object_id": "23", "object_repr": "Marton", "action_flag": 3, "change_message": ""}}, {"model": "admin.logentry", "pk": 177, "fields": {"action_time": "2021-12-05T13:58:24.274Z", "user": 1, "content_type": 13, "object_id": "22", "object_repr": "Marton", "action_flag": 3, "change_message": ""}}, {"model": "admin.logentry", "pk": 178, "fields": {"action_time": "2021-12-05T13:58:24.277Z", "user": 1, "content_type": 13, "object_id": "21", "object_repr": "Marton", "action_flag": 3, "change_message": ""}}, {"model": "admin.logentry", "pk": 179, "fields": {"action_time": "2021-12-05T13:58:24.280Z", "user": 1, "content_type": 13, "object_id": "20", "object_repr": "Marton", "action_flag": 3, "change_message": ""}}, {"model": "admin.logentry", "pk": 180, "fields": {"action_time": "2021-12-05T13:58:24.283Z", "user": 1, "content_type": 13, "object_id": "19", "object_repr": "Marton", "action_flag": 3, "change_message": ""}}, {"model": "admin.logentry", "pk": 181, "fields": {"action_time": "2021-12-05T13:58:24.286Z", "user": 1, "content_type": 13, "object_id": "18", "object_repr": "Marton", "action_flag": 3, "change_message": ""}}, {"model": "admin.logentry", "pk": 182, "fields": {"action_time": "2021-12-05T13:58:24.289Z", "user": 1, "content_type": 13, "object_id": "17", "object_repr": "Marton", "action_flag": 3, "change_message": ""}}, {"model": "admin.logentry", "pk": 183, "fields": {"action_time": "2021-12-05T13:58:24.292Z", "user": 1, "content_type": 13, "object_id": "16", "object_repr": "Marton", "action_flag": 3, "change_message": ""}}, {"model": "admin.logentry", "pk": 184, "fields": {"action_time": "2021-12-05T13:58:24.295Z", "user": 1, "content_type": 13, "object_id": "15", "object_repr": "Marton", "action_flag": 3, "change_message": ""}}, {"model": "admin.logentry", "pk": 185, "fields": {"action_time": "2021-12-05T13:58:24.298Z", "user": 1, "content_type": 13, "object_id": "14", "object_repr": "Marton", "action_flag": 3, "change_message": ""}}, {"model": "admin.logentry", "pk": 186, "fields": {"action_time": "2021-12-05T13:58:24.301Z", "user": 1, "content_type": 13, "object_id": "13", "object_repr": "Marton", "action_flag": 3, "change_message": ""}}, {"model": "admin.logentry", "pk": 187, "fields": {"action_time": "2021-12-05T13:58:24.304Z", "user": 1, "content_type": 13, "object_id": "12", "object_repr": "Marton", "action_flag": 3, "change_message": ""}}, {"model": "admin.logentry", "pk": 188, "fields": {"action_time": "2021-12-05T13:58:24.308Z", "user": 1, "content_type": 13, "object_id": "11", "object_repr": "Marton", "action_flag": 3, "change_message": ""}}, {"model": "admin.logentry", "pk": 189, "fields": {"action_time": "2021-12-05T13:58:24.311Z", "user": 1, "content_type": 13, "object_id": "10", "object_repr": "Marton", "action_flag": 3, "change_message": ""}}, {"model": "admin.logentry", "pk": 190, "fields": {"action_time": "2021-12-05T13:58:24.314Z", "user": 1, "content_type": 13, "object_id": "9", "object_repr": "Marton", "action_flag": 3, "change_message": ""}}, {"model": "admin.logentry", "pk": 191, "fields": {"action_time": "2021-12-05T13:58:24.318Z", "user": 1, "content_type": 13, "object_id": "8", "object_repr": "Marton", "action_flag": 3, "change_message": ""}}, {"model": "admin.logentry", "pk": 192, "fields": {"action_time": "2021-12-05T13:58:24.321Z", "user": 1, "content_type": 13, "object_id": "7", "object_repr": "Marton", "action_flag": 3, "change_message": ""}}, {"model": "admin.logentry", "pk": 193, "fields": {"action_time": "2021-12-05T13:58:24.324Z", "user": 1, "content_type": 13, "object_id": "6", "object_repr": "Marton", "action_flag": 3, "change_message": ""}}, {"model": "admin.logentry", "pk": 194, "fields": {"action_time": "2021-12-05T13:58:24.327Z", "user": 1, "content_type": 13, "object_id": "5", "object_repr": "Marton", "action_flag": 3, "change_message": ""}}, {"model": "admin.logentry", "pk": 195, "fields": {"action_time": "2021-12-05T13:58:24.331Z", "user": 1, "content_type": 13, "object_id": "4", "object_repr": "Marton", "action_flag": 3, "change_message": ""}}, {"model": "admin.logentry", "pk": 196, "fields": {"action_time": "2021-12-05T13:58:24.334Z", "user": 1, "content_type": 13, "object_id": "3", "object_repr": "Marton", "action_flag": 3, "change_message": ""}}, {"model": "admin.logentry", "pk": 197, "fields": {"action_time": "2021-12-05T13:58:24.337Z", "user": 1, "content_type": 13, "object_id": "2", "object_repr": "Marton", "action_flag": 3, "change_message": ""}}, {"model": "admin.logentry", "pk": 198, "fields": {"action_time": "2021-12-05T13:58:24.341Z", "user": 1, "content_type": 13, "object_id": "1", "object_repr": "Marton", "action_flag": 3, "change_message": ""}}, {"model": "admin.logentry", "pk": 199, "fields": {"action_time": "2021-12-05T13:58:37.332Z", "user": 1, "content_type": 14, "object_id": "29", "object_repr": "81A74AD75CEB4B58B126B2E48191101B", "action_flag": 3, "change_message": ""}}, {"model": "admin.logentry", "pk": 200, "fields": {"action_time": "2021-12-05T13:58:37.337Z", "user": 1, "content_type": 14, "object_id": "27", "object_repr": "2D8BDB209D3147C2AE488AEE0253C720", "action_flag": 3, "change_message": ""}}, {"model": "admin.logentry", "pk": 201, "fields": {"action_time": "2021-12-05T13:58:37.341Z", "user": 1, "content_type": 14, "object_id": "26", "object_repr": "7ECFDD5948724AB9B1185B03736D5A28", "action_flag": 3, "change_message": ""}}, {"model": "admin.logentry", "pk": 202, "fields": {"action_time": "2021-12-05T13:58:37.349Z", "user": 1, "content_type": 14, "object_id": "25", "object_repr": "B79F481AE3EC425D839A8292E0B898E1", "action_flag": 3, "change_message": ""}}, {"model": "admin.logentry", "pk": 203, "fields": {"action_time": "2021-12-05T13:58:37.354Z", "user": 1, "content_type": 14, "object_id": "24", "object_repr": "649A14CEB9E141B9B6CE6AE9F4843EE7", "action_flag": 3, "change_message": ""}}, {"model": "admin.logentry", "pk": 204, "fields": {"action_time": "2021-12-05T13:58:37.358Z", "user": 1, "content_type": 14, "object_id": "23", "object_repr": "61D95FC3D9154EC493E067BE0D3DFF11", "action_flag": 3, "change_message": ""}}, {"model": "admin.logentry", "pk": 205, "fields": {"action_time": "2021-12-05T13:58:37.362Z", "user": 1, "content_type": 14, "object_id": "22", "object_repr": "6F98AEE1C67642B89E067ED96A3384E1", "action_flag": 3, "change_message": ""}}, {"model": "admin.logentry", "pk": 206, "fields": {"action_time": "2021-12-05T13:58:37.366Z", "user": 1, "content_type": 14, "object_id": "21", "object_repr": "3FA300E051DC490C931AF812BFE1DF33", "action_flag": 3, "change_message": ""}}, {"model": "admin.logentry", "pk": 207, "fields": {"action_time": "2021-12-05T13:58:37.369Z", "user": 1, "content_type": 14, "object_id": "20", "object_repr": "C7993709B2044AE1AF96A820E5B96957", "action_flag": 3, "change_message": ""}}, {"model": "admin.logentry", "pk": 208, "fields": {"action_time": "2021-12-05T13:58:37.373Z", "user": 1, "content_type": 14, "object_id": "19", "object_repr": "61AD58C325F642BA84B7935EBA25B629", "action_flag": 3, "change_message": ""}}, {"model": "admin.logentry", "pk": 209, "fields": {"action_time": "2021-12-05T13:58:37.377Z", "user": 1, "content_type": 14, "object_id": "18", "object_repr": "8FA8188FB80641F387577DA02BF7433F", "action_flag": 3, "change_message": ""}}, {"model": "admin.logentry", "pk": 210, "fields": {"action_time": "2021-12-05T13:58:37.381Z", "user": 1, "content_type": 14, "object_id": "17", "object_repr": "CECF49CF4FE34841BD50AA7075221CFC", "action_flag": 3, "change_message": ""}}, {"model": "admin.logentry", "pk": 211, "fields": {"action_time": "2021-12-05T13:58:37.385Z", "user": 1, "content_type": 14, "object_id": "16", "object_repr": "016A0A4D7D7A4A31AA2AAF869D6CC39D", "action_flag": 3, "change_message": ""}}, {"model": "admin.logentry", "pk": 212, "fields": {"action_time": "2021-12-05T13:58:37.388Z", "user": 1, "content_type": 14, "object_id": "15", "object_repr": "A7C59B86DD1C48989627CDC7CA45A7FD", "action_flag": 3, "change_message": ""}}, {"model": "admin.logentry", "pk": 213, "fields": {"action_time": "2021-12-05T13:58:37.392Z", "user": 1, "content_type": 14, "object_id": "14", "object_repr": "D93ECFD8980E4178BD7C4A403B73A2E5", "action_flag": 3, "change_message": ""}}, {"model": "admin.logentry", "pk": 214, "fields": {"action_time": "2021-12-05T13:58:37.396Z", "user": 1, "content_type": 14, "object_id": "13", "object_repr": "2A5731DCB3794046B7E0436DD13DBAFA", "action_flag": 3, "change_message": ""}}, {"model": "admin.logentry", "pk": 215, "fields": {"action_time": "2021-12-05T13:58:37.401Z", "user": 1, "content_type": 14, "object_id": "12", "object_repr": "CF730262EBA04C44BFBF73791994E899", "action_flag": 3, "change_message": ""}}, {"model": "admin.logentry", "pk": 216, "fields": {"action_time": "2021-12-05T13:58:37.405Z", "user": 1, "content_type": 14, "object_id": "11", "object_repr": "77D8CA3FB956406398617A27E1256BC2", "action_flag": 3, "change_message": ""}}, {"model": "admin.logentry", "pk": 217, "fields": {"action_time": "2021-12-05T13:58:37.409Z", "user": 1, "content_type": 14, "object_id": "10", "object_repr": "509BF0466CA045C8B59D0A065A9D0C93", "action_flag": 3, "change_message": ""}}, {"model": "admin.logentry", "pk": 218, "fields": {"action_time": "2021-12-05T13:58:37.412Z", "user": 1, "content_type": 14, "object_id": "9", "object_repr": "C1AB6588185B42CC83E766C0AB9C68AB", "action_flag": 3, "change_message": ""}}, {"model": "admin.logentry", "pk": 219, "fields": {"action_time": "2021-12-05T13:58:37.417Z", "user": 1, "content_type": 14, "object_id": "8", "object_repr": "43616B0E00B34FD69F56530ABB864122", "action_flag": 3, "change_message": ""}}, {"model": "admin.logentry", "pk": 220, "fields": {"action_time": "2021-12-05T13:58:37.421Z", "user": 1, "content_type": 14, "object_id": "7", "object_repr": "1CFB986CEB08470FB542BBB6C123ADD1", "action_flag": 3, "change_message": ""}}, {"model": "admin.logentry", "pk": 221, "fields": {"action_time": "2021-12-05T13:58:37.425Z", "user": 1, "content_type": 14, "object_id": "6", "object_repr": "2873ED894A4D4088B0C63C74CE477081", "action_flag": 3, "change_message": ""}}, {"model": "admin.logentry", "pk": 222, "fields": {"action_time": "2021-12-05T13:58:37.428Z", "user": 1, "content_type": 14, "object_id": "5", "object_repr": "5BEC1579155740B99EC7EB2293BAD3CE", "action_flag": 3, "change_message": ""}}, {"model": "admin.logentry", "pk": 223, "fields": {"action_time": "2021-12-05T13:58:49.717Z", "user": 1, "content_type": 10, "object_id": "13", "object_repr": "review", "action_flag": 3, "change_message": ""}}, {"model": "admin.logentry", "pk": 224, "fields": {"action_time": "2021-12-05T13:58:49.722Z", "user": 1, "content_type": 10, "object_id": "12", "object_repr": "Fantastic shoes", "action_flag": 3, "change_message": ""}}, {"model": "admin.logentry", "pk": 225, "fields": {"action_time": "2021-12-05T13:58:49.725Z", "user": 1, "content_type": 10, "object_id": "9", "object_repr": "sdfds", "action_flag": 3, "change_message": ""}}, {"model": "admin.logentry", "pk": 226, "fields": {"action_time": "2021-12-05T13:58:49.728Z", "user": 1, "content_type": 10, "object_id": "11", "object_repr": "sdfds", "action_flag": 3, "change_message": ""}}, {"model": "admin.logentry", "pk": 227, "fields": {"action_time": "2021-12-05T13:58:49.731Z", "user": 1, "content_type": 10, "object_id": "10", "object_repr": "sdfdsfdsfds", "action_flag": 3, "change_message": ""}}, {"model": "admin.logentry", "pk": 228, "fields": {"action_time": "2021-12-05T13:58:49.734Z", "user": 1, "content_type": 10, "object_id": "7", "object_repr": "Second review", "action_flag": 3, "change_message": ""}}, {"model": "sessions.session", "pk": "0y4idwwb7f3vfz18tziyouh3pes4rph9", "fields": {"session_data": ".eJxVjDsOwjAQBe_iGln-4GxMSZ8zWF7vLg6gRIqTCnF3iJQC2jcz76VS3taatsZLGkldlFWn3w1zefC0A7rn6TbrMk_rMqLeFX3QpoeZ-Hk93L-Dmlv91owdFsPcSzSUnUEEMQXPPXhPHmI0ELwNFHyJBRg8CbLrRMCKhOzU-wMCyDid:1mqzfh:O72VStPTxH-_1ftbXtCDeHakk95i08f33TSqMOdNE3g", "expire_date": "2021-12-11T15:31:25.235Z"}}, {"model": "sessions.session", "pk": "184x8k7wyxavorzncb48s47z1fob4w81", "fields": {"session_data": "e30:1mtsQB:IQIfgwXEAC6aXIOJltruR3rJGArJ3Ubhpe7OawRvSRo", "expire_date": "2021-12-19T14:23:19.018Z"}}, {"model": "sessions.session", "pk": "4qpa0yyuqyaj6piqly1muxv0rjtpumzt", "fields": {"session_data": ".eJxVjDsOwjAQBe_iGln-4GxMSZ8zWF7vLg6gRIqTCnF3iJQC2jcz76VS3taatsZLGkldlFWn3w1zefC0A7rn6TbrMk_rMqLeFX3QpoeZ-Hk93L-Dmlv91owdFsPcSzSUnUEEMQXPPXhPHmI0ELwNFHyJBRg8CbLrRMCKhOzU-wMCyDid:1mts1X:OcXa9dTkjpsBBvYM5i9FwpP6x74J6JXVIAXuDmdVWFI", "expire_date": "2021-12-19T13:57:51.685Z"}}, {"model": "sessions.session", "pk": "4xpnvzkomsstbtkx152iz4k6wbu1rz2x", "fields": {"session_data": "e30:1mtqXx:Ca2nlgYuQK7uhGDn5R8ZfujyWI0nerbBhawlYbG0IRk", "expire_date": "2021-12-19T12:23:13.856Z"}}, {"model": "sessions.session", "pk": "7gj98q1msdkwv8u87q0sdc8y55ra1kqk", "fields": {"session_data": ".eJxVjDsOwjAQBe_iGln-4GxMSZ8zWF7vLg6gRIqTCnF3iJQC2jcz76VS3taatsZLGkldlFWn3w1zefC0A7rn6TbrMk_rMqLeFX3QpoeZ-Hk93L-Dmlv91owdFsPcSzSUnUEEMQXPPXhPHmI0ELwNFHyJBRg8CbLrRMCKhOzU-wMCyDid:1mtqfi:wOwb0Vx8VBFX3rJF0kDtRltTglSJC2ZmGZ8KUMM40UU", "expire_date": "2021-12-19T12:31:14.509Z"}}, {"model": "sessions.session", "pk": "a1tbuwrdd58eqlcdqyzmq88k6pf1ttag", "fields": {"session_data": "e30:1mtqXx:Ca2nlgYuQK7uhGDn5R8ZfujyWI0nerbBhawlYbG0IRk", "expire_date": "2021-12-19T12:23:13.536Z"}}, {"model": "sessions.session", "pk": "a5yr6g5t6qlpwux8qcmxesa1bimwwsw1", "fields": {"session_data": ".eJxVjDsOwjAQBe_iGln-4GxMSZ8zWF7vLg6gRIqTCnF3iJQC2jcz76VS3taatsZLGkldlFWn3w1zefC0A7rn6TbrMk_rMqLeFX3QpoeZ-Hk93L-Dmlv91owdFsPcSzSUnUEEMQXPPXhPHmI0ELwNFHyJBRg8CbLrRMCKhOzU-wMCyDid:1mrzz4:uRUAE0cTzc6A5cbMzFr-g4f6wioFn8x7vOyl2SBhsy8", "expire_date": "2021-12-14T10:03:34.146Z"}}, {"model": "sessions.session", "pk": "dm5p6wmsx02ztv1hblbx17xrz6de6e6s", "fields": {"session_data": ".eJxVjDsOwjAQBe_iGln-4GxMSZ8zWF7vLg6gRIqTCnF3iJQC2jcz76VS3taatsZLGkldlFWn3w1zefC0A7rn6TbrMk_rMqLeFX3QpoeZ-Hk93L-Dmlv91owdFsPcSzSUnUEEMQXPPXhPHmI0ELwNFHyJBRg8CbLrRMCKhOzU-wMCyDid:1mqieg:BSKeddxw7cH8BqnPlThwP2hYP7SSuGWfP5KxCe71Vd8", "expire_date": "2021-12-10T21:21:14.077Z"}}, {"model": "sessions.session", "pk": "egystmb22d6up5y7cyfroi7vj7vny0hp", "fields": {"session_data": ".eJxVjDsOwjAQBe_iGln-4GxMSZ8zWF7vLg6gRIqTCnF3iJQC2jcz76VS3taatsZLGkldlFWn3w1zefC0A7rn6TbrMk_rMqLeFX3QpoeZ-Hk93L-Dmlv91owdFsPcSzSUnUEEMQXPPXhPHmI0ELwNFHyJBRg8CbLrRMCKhOzU-wMCyDid:1mqjJV:WhQb6ud998kwhdqd0V9IScE4KfbYy4AnbjtoJqTe3XM", "expire_date": "2021-12-10T22:03:25.290Z"}}, {"model": "sessions.session", "pk": "inglk7a3g37l7r9349fkt45dxok6jwl7", "fields": {"session_data": "e30:1mtqXw:pqrGk-fUfdduhjpWkCqnyFDt9TfSXox3UoJut4-DG_g", "expire_date": "2021-12-19T12:23:12.962Z"}}, {"model": "sessions.session", "pk": "jawqdd3hsidrku6wrshsofm19lu2eu74", "fields": {"session_data": ".eJxVzMEOwiAQBNB_4WwIsLi0Hr37DWRZQKqGJqU9Gf9dmvSg15k38xaetrX4raXFT1FchBGn3ywQP1Pdi_igep8lz3VdpiB3Io-2ydsc0-t62L-DQq30tUOtwLgY3cAE5Ky1oDOPZxwIMAAgsclBq6S1tV2TC91mziMaJCU-X8KjNzs:1msV9S:DaRone64ca33G9FndC_ziUckeZ2QdrBM-j5knqShPJk", "expire_date": "2021-12-15T19:20:22.878Z"}}, {"model": "sessions.session", "pk": "n5b9uo9afkuboyg5nyhdidw5r4nf4res", "fields": {"session_data": ".eJxVjDsOwjAQBe_iGln-4GxMSZ8zWF7vLg6gRIqTCnF3iJQC2jcz76VS3taatsZLGkldlFWn3w1zefC0A7rn6TbrMk_rMqLeFX3QpoeZ-Hk93L-Dmlv91owdFsPcSzSUnUEEMQXPPXhPHmI0ELwNFHyJBRg8CbLrRMCKhOzU-wMCyDid:1mooD6:oI2o2yeoQ89JGDdKap7eX4pNaT0D78NEgkKcV-WDiPo", "expire_date": "2021-12-05T14:52:52.505Z"}}, {"model": "sessions.session", "pk": "qixkf4gckplmcmr8ycjpvrva6sc6b2wq", "fields": {"session_data": "e30:1mtqXy:1dOH2eygiZ0N7ZQyYaqyf61lLD_TNFnnZjl3soGinJA", "expire_date": "2021-12-19T12:23:14.040Z"}}, {"model": "sessions.session", "pk": "tnzraofmyi7wtoikmw3sjddpxkgoycgu", "fields": {"session_data": "e30:1msWoh:o3sHnI1GrTHSGURHumR635XD2_qwoRQp9Qs8GcimokY", "expire_date": "2021-12-15T21:07:03.356Z"}}, {"model": "sessions.session", "pk": "v20x6ekw8bdsrj9tgyyahbyv78f2ivd1", "fields": {"session_data": ".eJxVjDsOwjAQBe_iGln-4GxMSZ8zWF7vLg6gRIqTCnF3iJQC2jcz76VS3taatsZLGkldlFWn3w1zefC0A7rn6TbrMk_rMqLeFX3QpoeZ-Hk93L-Dmlv91owdFsPcSzSUnUEEMQXPPXhPHmI0ELwNFHyJBRg8CbLrRMCKhOzU-wMCyDid:1mqhQV:t_KFIR0Zw7kuswOFAj851e4KgPz25CRd7Ir3hMqnvC0", "expire_date": "2021-12-10T20:02:31.154Z"}}, {"model": "sessions.session", "pk": "v2kuhmwfihckxts3xcphgicktflxl4x4", "fields": {"session_data": ".eJxVzMEOwiAQBNB_4WwIsLi0Hr37DWRZQKqGJqU9Gf9dmvSg15k38xaetrX4raXFT1FchBGn3ywQP1Pdi_igep8lz3VdpiB3Io-2ydsc0-t62L-DQq30tUOtwLgY3cAE5Ky1oDOPZxwIMAAgsclBq6S1tV2TC91mziMaJCU-X8KjNzs:1mpb1n:mgnUCMivmmkAvLSV4udCWc04fsZIoMkK2K-wuC-Q8PY", "expire_date": "2021-12-07T19:00:27.033Z"}}, {"model": "sessions.session", "pk": "yf3w5y1ku2ou5k2i0o5xy6ig3isblgb2", "fields": {"session_data": "e30:1mtqXw:pqrGk-fUfdduhjpWkCqnyFDt9TfSXox3UoJut4-DG_g", "expire_date": "2021-12-19T12:23:12.960Z"}}, {"model": "sessions.session", "pk": "yfsyfd20e1s52xhfcvcbevu5qqpnu4qy", "fields": {"session_data": "e30:1mtqXx:Ca2nlgYuQK7uhGDn5R8ZfujyWI0nerbBhawlYbG0IRk", "expire_date": "2021-12-19T12:23:13.127Z"}}, {"model": "category.category", "pk": 2, "fields": {"category_name": "T-Shirts", "slug": "t-shirt", "description": "Our T-Shirts with 100% cotton fabric for comfort and style.", "cat_image": "photos/categories/t-shirt-category_n1SLvTU.jpg"}}, {"model": "category.category", "pk": 3, "fields": {"category_name": "Shoes", "slug": "shoes", "description": "Our training shoes are built for your most demanding workouts - comfort and power!", "cat_image": "photos/categories/shoes-category_nWGn44E.jpg"}}, {"model": "category.category", "pk": 4, "fields": {"category_name": "Accessories", "slug": "accessories", "description": "Our range of gym equipment on hand to help you perform all kinds of exercises, whatever your fitness goals are.", "cat_image": "photos/categories/accessories-category_HZ20wjd.jpg"}}, {"model": "accounts.account", "pk": 1, "fields": {"password": "pbkdf2_sha256$260000$rS1iJ6h9HEua48xigXLTYk$CD/Ff8BQbNL7sDxMK2j2+ea8FdnyYw3Dh/blv0ozaS8=", "first_name": "Marton", "last_name": "Kerek", "username": "kerekmarci", "email": "kerekmarci@gmail.com", "phone_number": "", "date_joined": "2021-11-19T12:21:31.047Z", "last_login": "2021-12-05T13:57:51.681Z", "is_admin": true, "is_staff": true, "is_active": true, "is_superadmin": true}}, {"model": "accounts.account", "pk": 2, "fields": {"password": "pbkdf2_sha256$260000$Zp0kZcQvF7dswpqj4Fluoh$WGzJJAezJlEpBKCrIGiNkHPg1UToz9H8BLFHBcJSP/I=", "first_name": "test1", "last_name": "test1", "username": "cayeg16450", "email": "cayeg16450@jasmne.com", "phone_number": "234234", "date_joined": "2021-11-19T13:03:36.884Z", "last_login": "2021-12-01T19:20:22.870Z", "is_admin": false, "is_staff": false, "is_active": true, "is_superadmin": false}}, {"model": "accounts.account", "pk": 3, "fields": {"password": "pbkdf2_sha256$260000$60QdEXUFzT4bP64LI49QFX$aiFWdpLOPE3I+Ug2Mkk/Dq6BUqZlNc3GqjH9/pdCuBY=", "first_name": "Jack", "last_name": "Harper", "username": "loxega7361", "email": "loxega7361@shirulo.com", "phone_number": "54656513213", "date_joined": "2021-11-30T17:45:12.147Z", "last_login": "2021-11-30T17:46:24.112Z", "is_admin": false, "is_staff": false, "is_active": true, "is_superadmin": false}}, {"model": "accounts.account", "pk": 4, "fields": {"password": "pbkdf2_sha256$260000$99GCQtK0QLcHpSytIYfrG6$QZiTl55ttrN2m1TyLI3FTgJv6hgf1MrsmWH/jBxb+Ds=", "first_name": "Kate", "last_name": "Ryan", "username": "rotite7552", "email": "rotite7552@simdpi.com", "phone_number": "12354687", "date_joined": "2021-11-30T17:54:42.241Z", "last_login": "2021-11-30T17:55:14.916Z", "is_admin": false, "is_staff": false, "is_active": true, "is_superadmin": false}}, {"model": "accounts.account", "pk": 5, "fields": {"password": "pbkdf2_sha256$260000$npoFjUancDVO5W0gGIOE3Y$4WGCsV5Z8q68Ni9IjPJ4Z5qUjV4tC42q5YSR4cPs5Bs=", "first_name": "test2", "last_name": "test2", "username": "hatit52642", "email": "hatit52642@sinagalore.com", "phone_number": "234", "date_joined": "2021-12-04T21:56:00.352Z", "last_login": "2021-12-05T12:21:23.208Z", "is_admin": false, "is_staff": false, "is_active": true, "is_superadmin": false}}, {"model": "accounts.account", "pk": 6, "fields": {"password": "pbkdf2_sha256$260000$K2B2XLYLZsxwX6Cyz9vkH0$lSi+S4DRAlkxE9ekPStADyZ6bm1kBTYz1AJkta8vHZA=", "first_name": "test3", "last_name": "test3", "username": "yenedi9935", "email": "yenedi9935@slvlog.com", "phone_number": "23423", "date_joined": "2021-12-04T22:29:38.332Z", "last_login": "2021-12-04T22:36:55.466Z", "is_admin": false, "is_staff": false, "is_active": true, "is_superadmin": false}}, {"model": "store.product", "pk": 1, "fields": {"category": 2, "product_name": "ATX-Jeans", "slug": "atx-jeans", "product_description": "Excellent ATX Jeans", "price": 59, "images": "photos/products/ATX-Jeans.jpg", "stock": 99, "is_available": true, "created_date": "2021-11-19T12:24:53.304Z", "modified_date": "2021-11-28T11:11:51.738Z"}}, {"model": "store.product", "pk": 2, "fields": {"category": 3, "product_name": "Tree Dashers", "slug": "tree-dashers", "product_description": "Our most technical shoe yet, the Tree Dasher reimagines the traditional running shoe with natural materials engineered for serious performance. Made in Shenzhen, China + Hai Phong, Vietnam\r\n\r\nHeel Drop: 7mm (Forefoot: 15.5mm, Heel: 22.5mm)\r\n\r\nType: Neutral, Cushioned, Light Stability Running Shoe", "price": 120, "images": "photos/products/shoe1.jpg", "stock": 100, "is_available": true, "created_date": "2021-11-28T17:59:15.250Z", "modified_date": "2021-11-28T20:00:20.411Z"}}, {"model": "store.product", "pk": 3, "fields": {"category": 3, "product_name": "Men's Wool Dasher Mizzles", "slug": "mens-wool-dasher-mizzles", "product_description": "Take stormy weather in stride with the running shoe that uses natural materials to give you extra grip and keep your feet dry. Made in Shenzhen, China", "price": 130, "images": "photos/products/shoe2.jpg", "stock": 100, "is_available": true, "created_date": "2021-11-28T18:04:43.922Z", "modified_date": "2021-11-28T18:04:43.922Z"}}, {"model": "store.product", "pk": 4, "fields": {"category": 3, "product_name": "Men's Wool Runner-up Mizzles", "slug": "mens-wool-runner-up-mizzles", "product_description": "Our wet-weather high top is made with ZQ Merino wool and a bio-based water repellent shield, so your feet stay dry and cozy no matter what the day brings. Made in Busan, South Korea", "price": 115, "images": "photos/products/shoe3.jpg", "stock": 100, "is_available": true, "created_date": "2021-11-28T18:06:31.343Z", "modified_date": "2021-11-28T18:06:31.343Z"}}, {"model": "store.variation", "pk": 1, "fields": {"product": 1, "variation_category": "color", "variation_value": "Blue", "is_active": true, "created_date": "2021-11-19T12:29:12.048Z"}}, {"model": "store.variation", "pk": 2, "fields": {"product": 1, "variation_category": "color", "variation_value": "Black", "is_active": true, "created_date": "2021-11-19T12:29:17.957Z"}}, {"model": "store.variation", "pk": 3, "fields": {"product": 1, "variation_category": "size", "variation_value": "Small", "is_active": true, "created_date": "2021-11-19T12:29:23.692Z"}}, {"model": "store.variation", "pk": 4, "fields": {"product": 1, "variation_category": "size", "variation_value": "Medium", "is_active": true, "created_date": "2021-11-19T12:29:28.802Z"}}, {"model": "store.variation", "pk": 5, "fields": {"product": 1, "variation_category": "size", "variation_value": "Large", "is_active": true, "created_date": "2021-11-19T12:29:33.792Z"}}, {"model": "store.variation", "pk": 6, "fields": {"product": 2, "variation_category": "color", "variation_value": "Black", "is_active": true, "created_date": "2021-11-29T15:24:57.814Z"}}, {"model": "store.variation", "pk": 7, "fields": {"product": 2, "variation_category": "size", "variation_value": "38-39", "is_active": true, "created_date": "2021-11-29T15:25:04.925Z"}}, {"model": "store.variation", "pk": 8, "fields": {"product": 2, "variation_category": "size", "variation_value": "40-41", "is_active": true, "created_date": "2021-11-29T15:25:10.692Z"}}, {"model": "bag.bag", "pk": 1, "fields": {"bag_id": "uitnk9ifqi089limdd8811mxgov08spx", "date_added": "2021-11-23"}}, {"model": "bag.bag", "pk": 2, "fields": {"bag_id": "k0vepwzu7ogwzxdes25jyx1ff9bnok75", "date_added": "2021-11-23"}}, {"model": "bag.bag", "pk": 3, "fields": {"bag_id": "3roepelm2l0t0j7mm769jbjpyqdddzy3", "date_added": "2021-11-25"}}, {"model": "bag.bag", "pk": 4, "fields": {"bag_id": "egystmb22d6up5y7cyfroi7vj7vny0hp", "date_added": "2021-11-27"}}, {"model": "bag.bag", "pk": 5, "fields": {"bag_id": "0y4idwwb7f3vfz18tziyouh3pes4rph9", "date_added": "2021-11-27"}}, {"model": "bag.bag", "pk": 6, "fields": {"bag_id": "arqagccvgf79xpzjuqwz7aijtaayxwpb", "date_added": "2021-11-28"}}, {"model": "bag.bag", "pk": 7, "fields": {"bag_id": "tiwueqjjzwscghml6ugscbthpv7i9cy9", "date_added": "2021-12-02"}}, {"model": "bag.bag", "pk": 8, "fields": {"bag_id": "4rvs4pckiud0s3zspmpiyuqw5ru8v4c4", "date_added": "2021-12-03"}}, {"model": "bag.bag", "pk": 9, "fields": {"bag_id": "ipd5ncddvi6b8u58znbu7l5n61yxi5q0", "date_added": "2021-12-05"}}, {"model": "bag.bag", "pk": 10, "fields": {"bag_id": "wqptf259gu9fwh0ez5aj3sse26ry48zp", "date_added": "2021-12-05"}}, {"model": "bag.bagitem", "pk": 3, "fields": {"user": null, "product": 1, "bag": 1, "quantity": 1, "is_active": true, "variations": [1, 3]}}, {"model": "bag.bagitem", "pk": 4, "fields": {"user": 2, "product": 1, "bag": null, "quantity": 2, "is_active": true, "variations": [1, 4]}}, {"model": "bag.bagitem", "pk": 6, "fields": {"user": 2, "product": 1, "bag": null, "quantity": 1, "is_active": true, "variations": [2, 5]}}, {"model": "bag.bagitem", "pk": 7, "fields": {"user": 2, "product": 1, "bag": null, "quantity": 1, "is_active": true, "variations": [2, 3]}}, {"model": "checkout.payment", "pk": 28, "fields": {"user": 1, "payment_id": "FF19821306544FB9AB69436F34214F2A", "payment_method": "Stripe", "amount_paid": "252.0", "status": "Complete", "created_at": "2021-12-05T10:07:25.845Z"}}, {"model": "checkout.order", "pk": 90, "fields": {"user": 1, "payment": 28, "order_number": "FF19821306544FB9AB69436F34214F2A", "first_name": "Marton", "last_name": "Kerek", "phone": "07522916928", "email": "kerekmarci@gmail.com", "address_line_1": "61 Mora Road", "address_line_2": "", "country": "United Kingdom", "city": "London", "order_note": "", "order_total": 252.0, "tax": 12.0, "status": "New", "ip": "", "is_ordered": true, "created_at": "2021-12-05T10:07:25.820Z", "updated_at": "2021-12-05T10:07:25.848Z"}}, {"model": "checkout.orderproduct", "pk": 43, "fields": {"order": 90, "payment": null, "user": 1, "product": 2, "quantity": 2, "product_price": 120.0, "ordered": true, "created_at": "2021-12-05T10:07:25.829Z", "updated_at": "2021-12-05T10:07:25.841Z", "variations": [6, 7]}}, {"model": "blog.post", "pk": 4, "fields": {"title": "Lost 60 kg", "slug": "lost-60-kg", "author": 3, "content": "I knew if I kept living how I was and being at my heaviest weight, it'd eventually lead to health problems. It was either now or never.\r\n\r\nI made a promise to myself that I’d stick with it and never ever give up even if I didn't see or make any progress at it. No matter what, I would and will still keep going until I take my last breathe on Earth.\r\n\r\nI really didn’t do much. I played lots of video games, watched movies and anime, and ate whenever/whatever I wanted when I felt hungry. Also I drank soda like it was water. I had a major sweet tooth too!\r\n\r\nBut those habits took their toll on me. Daily activity was even difficult and made me winded. Simple stuff like going up the stairs and just moving around in general. I knew I had to change to make life easier on myself.\r\n\r\nMy biggest supporters would be my family and friends. They’ve supported my journey since day one, always telling me if other people could lose weight, I could too.\r\n\r\nSecond, would be my coach T.Chan. He never gave up on me. We broke through so many plateaus and have gone through many diet plan changes together. I wouldn't have gotten this far without his coaching and diet plans.\r\n\r\nLast but not least is my iron family. We call ourselves the \"Iron Saiyanz”. We are all gym friends and met each other at the iron paradise (aka the gym). We always look out for one another and encourage each other to always become better.", "created_on": "2021-11-30T17:50:36.639Z"}}, {"model": "blog.post", "pk": 5, "fields": {"title": "How I motivate myself to go to gym", "slug": "how-i-motivate-myself-to-go-to-gym", "author": 4, "content": "My Ways to Motivate Yourself to Go to the Gym\r\n\r\nBeing active has many benefits, everything from heart health to sleep quality to brain function, but knowing it’s good for you doesn’t always mean it’s easy to go to the gym. If you’ve been having trouble getting into a workout routine, take a look at a few proven methods for getting off the couch and breaking a sweat.\r\n\r\n1. DRESS FOR A WORKOUT, EVEN IF YOU’RE NOT FEELING UP TO IT.\r\nIn many ways, pulling on a sweatshirt or a pair of yoga pants is even more important than heading out the door to go to the gym. Research has suggested that our brains are susceptible to “enclothed cognition,” a technical way of saying that dressing for the part can help fuel your ambition to complete a chosen task. If you’re in full workout gear, you’re far more likely to head out the door.\r\n\r\nARROW\r\nDOLLARS & SENSE\r\n11 Ways to Motivate Yourself to Go to the Gym\r\n\r\nBeing active has many benefits, everything from heart health to sleep quality to brain function, but knowing it’s good for you doesn’t always mean it’s easy to go to the gym. If you’ve been having trouble getting into a workout routine, take a look at a few proven methods for getting off the couch and breaking a sweat.\r\n\r\n1. DRESS FOR A WORKOUT, EVEN IF YOU’RE NOT FEELING UP TO IT.\r\nIn many ways, pulling on a sweatshirt or a pair of yoga pants is even more important than heading out the door to go to the gym. Research has suggested that our brains are susceptible to “enclothed cognition,” a technical way of saying that dressing for the part can help fuel your ambition to complete a chosen task. If you’re in full workout gear, you’re far more likely to head out the door.\r\n\r\n2. MAKE A COMMITMENT WITH A FRIEND.\r\nIt can be helpful to have an accountability partner, so make plans to have a joint workout with a friend. Feeling that someone else is counting on you to attend will make it less likely you’ll skip the session. Even better, seeing your friend perform—running a longer distance or lifting heavier weights—may also give you the motivation to push yourself, and you can share tips and celebrate each other’s progress.\r\n\r\n3. MAKE A PLAN.\r\nIf you’re just looking to get active, there’s nothing wrong with going to a gym and investing time in whatever equipment or activity strikes your fancy. But the downside of those aimless visits is that skipping them doesn’t feel like you’re impeding progress toward a goal. After a break-in period, it’s best to imagine a finish line—losing weight, increasing endurance, adding muscle, or a mixture of each—and focus your energy on working toward it.\r\n\r\n4. GO EARLY.\r\nBy getting up early in the morning and heading to the gym before you start your day, you’ve successfully avoided the eight to 10 hours you’d be able to talk yourself out of going. Exercising can be energizing, making it an ideal morning routine—but if you wait, you might feel too tired to go. Getting out of bed may be tough those first few mornings, but once you’ve established a rhythm, you’ll be glad you did.\r\n\r\n5. VISUALIZE SUCCESS.\r\nVisualization is an athletic tool that’s been used for decades. By closing your eyes and imagining what it would look and feel like to achieve a goal or to complete an exercise, we can prepare ourselves physically and psychologically for the task at hand. If you’re dragging your feet or considering skipping a workout, try sitting down for a few minutes to visualize how you’d feel if you went to the gym and how it would bring you one step closer to your goal.", "created_on": "2021-11-30T17:59:40.377Z"}}, {"model": "blog.post", "pk": 11, "fields": {"title": "Another Test", "slug": "another-test", "author": 1, "content": "Another Test Box", "created_on": "2021-12-01T20:11:50.583Z"}}, {"model": "blog.post", "pk": 17, "fields": {"title": "Hey Ho!", "slug": "hey-ho", "author": 1, "content": "Dokumentumcunamit szabadított a netre a Városháza-ügy miatt Karácsony\r\nadmin Molnár Zoltán \r\n 2021. 12. 01. 19:03\r\n2019 óta történt mindenféle ingatlanértékesítés papírjait nyilvánosságra hozta a főváros.\r\nHIRDETÉS\r\n\r\nHIRDETÉS\r\nAz Alma Gyógyszertárak kínálata már a foodpandán is! »\r\nFolytatódik az őszvég-télkezdet nagy szappanoperája, a kormánypárti médiában kirobbant Városháza-ügy (dióhéjban: állítólag a városvezetés el akarta adni a Deák térhez közeli városházát befektetőknek). Ezúttal Karácsony Gergely főpolgármester gurított egyet a Facebookon, ahol arról írt,\r\n\r\nA Budapest Főváros Vagyonkezelő Központ a mai napon megküldte a vizsgálóbizottság részére valamennyi, 2019 óta történt ingatlanértékesítés teljes dokumentációját (értékbecslés, pályázati kiírás, pályázatok, bontási jegyzőkönyv, előterjesztés a döntésről, adásvételi szerződés, elővásárlási nyilatkozatok, birtokbaadási jegyzőkönyv).\r\n\r\nEgy linket is mellékelt, itt lehet lekattintani. Karácsony szerint azért hoznak mindent nyilvánosságra, hogy látható legyen, „az értékesítésekre nyílt, korlátozó feltételt vagy más ’személyre szabást’ nem tartalmazó pályázati kiírás alapján került sor.”\r\n\r\nUtána megemlíti, hogy a Fidesz szerinte „orosz titkosszolgálati módszerekkel” leselkedik a fővárosi vezetés után, valamint hogy a nyilvánosságra került hangfelvételeken is fideszes kötődésű emberek beszélnek. Rejtélyesen fejezi be a posztot:\r\n\r\nideje bemutatni ennek a kamuügynek a kreálóit, azokat a fideszes és Fidesz-közeli figurákat, akik közül a városvezetés egyet sem ismer, velük soha", "created_on": "2021-12-01T21:01:10.359Z"}}, {"model": "blog.comment", "pk": 23, "fields": {"post": 4, "name": "Marton", "email": "kerekmarci@gmail.com", "body": "What an achievement Jack! Really well done!", "commented_on": "2021-11-30T17:52:21.072Z"}}, {"model": "blog.comment", "pk": 24, "fields": {"post": 4, "name": "Kate", "email": "rotite7552@simdpi.com", "body": "Amazing, Jack, keep doing what you're doing. I'm proud of you!", "commented_on": "2021-11-30T17:55:43.018Z"}}, {"model": "blog.comment", "pk": 38, "fields": {"post": 17, "name": "test2", "email": "hatit52642@sinagalore.com", "body": "I like it :)", "commented_on": "2021-12-05T12:22:42.139Z"}}]